Name of Website,Tyre Brand,Tyre Pattern,Tyre Size,Seasonality,Price
www.national.co.uk,Rovelo Tyres,RHP-780P,205/55 R16 91V,Summer,£50.64
www.national.co.uk,Autogreen Tyres,Sport Chaser SC2,205/55 R16 91W,Summer,£51.72
www.national.co.uk,Sailun Tyres,Atrezzo Elite,205/55 R16 91V,Summer,£56.65
www.national.co.uk,Avon Tyres,ZV7,205/55 R16 91V,Summer,£59.89
www.national.co.uk,Pirelli Tyres,Cinturato P7,205/55 R16 91V,Summer,£67.99
www.national.co.uk,Bridgestone Tyres,Turanza T005,205/55 R16 91V,Summer,£69.25
www.national.co.uk,Bridgestone Tyres,Turanza T005,205/55 R16 91W,Summer,£71.34
www.national.co.uk,Dunlop Tyres,SP Sport BluResponse,205/55 R16 91V,Summer,£71.78
www.national.co.uk,Goodyear Tyres,EfficientGrip Performance 2,205/55 R16 91V,Summer,£72.62
www.national.co.uk,Bridgestone Tyres,Turanza T005 DriveGuard,205/55 R16 94W,Summer,£77.51
www.national.co.uk,Continental Tyres,ContiEcoContact 6,205/55 R16 91V,Summer,£80.22
www.national.co.uk,Michelin Tyres,Primacy 4,205/55 R16 91V,Summer,£87.84
www.national.co.uk,Avon Tyres,ZV7,205/55 R16 91W,Summer,£60.55
www.national.co.uk,Uniroyal Tyres,RainSport 5,205/55 R16 91H,Summer,£62.05
www.national.co.uk,Uniroyal Tyres,RainSport 5,205/55 R16 91V,Summer,£62.22
www.national.co.uk,Avon Tyres,ZV7,205/55 R16 94W,Summer,£62.29
www.national.co.uk,Yokohama Tyres,BluEarth ES32,205/55 R16 91V,Summer,£62.99
www.national.co.uk,Avon Tyres,AS7,205/55 R16 94V,All Season,£64.15
www.national.co.uk,Avon Tyres,ZV7,205/55 R16 94V,Summer,£65.14
www.national.co.uk,Yokohama Tyres,Advan Sport V105,205/55 R16 91V,Summer,£65.29
www.national.co.uk,Avon Tyres,AS7,205/55 R16 91V,All Season,£65.65
www.national.co.uk,Uniroyal Tyres,RainSport 5,205/55 R16 91W,Summer,£66.55
www.national.co.uk,Yokohama Tyres,BluEarth-4S AW21,205/55 R16 91V,All Season,£67.73
www.national.co.uk,Yokohama Tyres,C.Drive AC02,205/55 R16 91H,Summer,£68.14
www.national.co.uk,Yokohama Tyres,Advan Sport V103,205/55 R16 91V,Summer,£68.14
www.national.co.uk,Yokohama Tyres,BluEarth AE51,205/55 R16 91W,Summer,£68.78
www.national.co.uk,Yokohama Tyres,Advan Sport V105,205/55 R16 91W,Summer,£69.65
www.national.co.uk,Avon Tyres,WV7 Snow,205/55 R16 94H,Winter,£70.08
www.national.co.uk,Yokohama Tyres,Advan Fleva V701,205/55 R16 91W,Summer,£71.13
www.national.co.uk,Avon Tyres,WV7 Snow,205/55 R16 94V,Winter,£72.29
www.national.co.uk,Yokohama Tyres,BluEarth-4S AW21,205/55 R16 94V,All Season,£79.89
www.national.co.uk,Yokohama Tyres,Advan Sport V103,205/55 R16 91W,Summer,£81.39
www.national.co.uk,Yokohama Tyres,A008P,205/55 R16 91W,Summer,£148.29
www.national.co.uk,Pirelli Tyres,Cinturato P7 P7C2,205/55 R16 91V,Summer,£67.99
www.national.co.uk,Dunlop Tyres,SP Sport BluResponse,205/55 R16 91H,Summer,£71.18
www.national.co.uk,Dunlop Tyres,SP Sport BluResponse,205/55 R16 91V,Summer,£71.78
www.national.co.uk,Bridgestone Tyres,Turanza ER300,205/55 R16 91V,Summer,£72.17
www.national.co.uk,Goodyear Tyres,EfficientGrip,205/55 R16 91V,Summer,£72.62
www.national.co.uk,Dunlop Tyres,SP Sport BluResponse,205/55 R16 91W,Summer,£72.98
www.national.co.uk,Dunlop Tyres,Sport Maxx RT,205/55 R16 91Y,Summer,£72.98
www.national.co.uk,Goodyear Tyres,EfficientGrip Performance,205/55 R16 91H,Summer,£73.19
www.national.co.uk,Goodyear Tyres,EfficientGrip Performance 2,205/55 R16 91H,Summer,£73.19
www.national.co.uk,Bridgestone Tyres,Turanza T001,205/55 R16 91Q,Summer,£73.39
www.national.co.uk,Goodyear Tyres,EfficientGrip Performance 2,205/55 R16 91W,Summer,£73.83
www.national.co.uk,Dunlop Tyres,Sport Maxx RT,205/55 R16 91W,Summer,£74.53
www.national.co.uk,Bridgestone Tyres,Turanza ER300,205/55 R16 91H,Summer,£74.81
www.national.co.uk,Goodyear Tyres,EfficientGrip Performance,205/55 R16 91W,Summer,£75.38
www.national.co.uk,Bridgestone Tyres,Turanza T005,205/55 R16 91W,Summer,£75.65
www.national.co.uk,Bridgestone Tyres,Turanza T005,205/55 R16 91V,Summer,£75.81
www.national.co.uk,Bridgestone Tyres,Turanza ER300A,205/55 R16 91W,Summer,£76.85
www.national.co.uk,Dunlop Tyres,SP Sport Fast Response,205/55 R16 94H,Summer,£77.23
www.national.co.uk,Bridgestone Tyres,Weather Control A005 EVO,205/55 R16 91H,All Season,£77.27
www.national.co.uk,Bridgestone Tyres,Weather Control A005 EVO,205/55 R16 94V,All Season,£77.51
www.national.co.uk,Pirelli Tyres,Cinturato P7,205/55 R16 91W,Summer,£78.50
www.national.co.uk,Goodyear Tyres,Vector 4Seasons Gen 3,205/55 R16 91V,All Season,£78.94
www.national.co.uk,Continental Tyres,ContiEcoContact 6,205/55 R16 91H,Summer,£80.11
www.national.co.uk,Continental Tyres,PremiumContact 6,205/55 R16 91V,Summer,£80.22
www.national.co.uk,Continental Tyres,ContiEcoContact 5,205/55 R16 91V,Summer,£80.22
www.national.co.uk,Continental Tyres,ContiEcoContact 5,205/55 R16 91V,Summer,£80.22
www.national.co.uk,Continental Tyres,ContiPremiumContact 5,205/55 R16 91W,Summer,£82.10
www.national.co.uk,Continental Tyres,ContiEcoContact 6,205/55 R16 91W,Summer,£82.10
www.national.co.uk,Pirelli Tyres,Cinturato P7,205/55 R16 91W,Summer,£82.52
www.national.co.uk,Goodyear Tyres,Vector 4Seasons Gen 3,205/55 R16 94V,All Season,£82.76
www.national.co.uk,Goodyear Tyres,Vector 4Seasons,205/55 R16 94V,All Season,£83.63
www.national.co.uk,Goodyear Tyres,EfficientGrip Performance 2,205/55 R16 94W,Summer,£83.65
www.national.co.uk,Goodyear Tyres,Vector 4Seasons Gen-2,205/55 R16 94V,All Season,£83.99
www.national.co.uk,Pirelli Tyres,Cinturato All Season SF 2,205/55 R16 94V,All Season,£85.89
www.national.co.uk,Bridgestone Tyres,Turanza T005,205/55 R16 91W,Summer,£86.39
www.national.co.uk,Continental Tyres,AllSeasonContact,205/55 R16 94V,All Season,£88.82
www.national.co.uk,Bridgestone Tyres,Turanza T001,205/55 R16 91V,Summer,£90.31
www.national.co.uk,Pirelli Tyres,Cinturato P7 P7C2,205/55 R16 94V,Summer,£91.00
www.national.co.uk,Bridgestone Tyres,Turanza ER300,205/55 R16 91W,Summer,£91.30
www.national.co.uk,Goodyear Tyres,UltraGrip 9,205/55 R16 91T,Winter,£92.88
www.national.co.uk,Goodyear Tyres,EfficientGrip Performance 2,205/55 R16 91Y,Summer,£92.88
www.national.co.uk,Goodyear Tyres,EfficientGrip,205/55 R16 91W,Summer,£93.03
www.national.co.uk,Bridgestone Tyres,Turanza ER300A,205/55 R16 91W,Summer,£94.30
www.national.co.uk,Continental Tyres,ContiPremiumContact,205/55 R16 91W,Summer,£96.84
www.national.co.uk,Bridgestone Tyres,Ecopia EP150,205/55 R16 91V,Summer,£98.09
www.national.co.uk,Goodyear Tyres,EfficientGrip Performance,205/55 R16 91V,Summer,£99.50
www.national.co.uk,Dunlop Tyres,Winter Sport 5,205/55 R16 91H,Winter,£104.03
www.national.co.uk,Dunlop Tyres,SP Winter Sport 4D,205/55 R16 91H,Winter,£104.83
www.national.co.uk,Continental Tyres,ContiEcoContact 5 SEAL,205/55 R16 94H,Summer,£105.48
www.national.co.uk,Dunlop Tyres,SP Winter Sport 4D,205/55 R16 91H,Winter,£105.93
www.national.co.uk,Pirelli Tyres,Cinturato Winter 2,205/55 R16 91H,Winter,£108.99
www.national.co.uk,Pirelli Tyres,Cinturato Winter 2,205/55 R16 91T,Winter,£108.99
www.national.co.uk,Goodyear Tyres,UltraGrip Performance 2,205/55 R16 91H,Winter,£111.80
www.national.co.uk,Dunlop Tyres,SP Winter Sport 4D,205/55 R16 91H,Winter,£112.63
www.national.co.uk,Goodyear Tyres,UltraGrip Performance,205/55 R16 91H,Winter,£114.98
www.national.co.uk,Dunlop Tyres,Winter Sport 5,205/55 R16 94H,Winter,£117.13
www.national.co.uk,Dunlop Tyres,SP Winter Sport 3D,205/55 R16 91H,Winter,£119.14
www.national.co.uk,Pirelli Tyres,Winter Sottozero 3,205/55 R16 91H,Winter,£119.99
www.national.co.uk,Pirelli Tyres,Winter 240 Sottozero Serie II,205/55 R16 94V,Winter,£132.00
www.national.co.uk,Dunlop Tyres,Winter Sport 5,205/55 R16 94V,Winter,£133.13
www.national.co.uk,Pirelli Tyres,P Zero Rosso,205/55 R16 91Y,Summer,£137.73
www.national.co.uk,Michelin Tyres,Primacy 4,205/55 R16 91H,Summer,£87.84
www.national.co.uk,Michelin Tyres,Primacy 3,205/55 R16 91V,Summer,£87.84
www.national.co.uk,Michelin Tyres,Energy Saver,205/55 R16 91H,Summer,£87.95
www.national.co.uk,Michelin Tyres,Energy Saver,205/55 R16 91V,Summer,£87.95
www.national.co.uk,Michelin Tyres,Primacy 4 S1,205/55 R16 91H,Summer,£89.62
www.national.co.uk,Michelin Tyres,Primacy 4,205/55 R16 91H,Summer,£89.62
www.national.co.uk,Michelin Tyres,Primacy 4,205/55 R16 91H,Summer,£89.62
www.national.co.uk,Michelin Tyres,ePrimacy,205/55 R16 91V,Summer,£90.04
www.national.co.uk,Michelin Tyres,ePrimacy,205/55 R16 91H,Summer,£90.04
www.national.co.uk,Michelin Tyres,Primacy 4,205/55 R16 91W,Summer,£91.08
www.national.co.uk,Michelin Tyres,Pilot Exalto PE2,205/55 R16 91Y,Summer,£91.11
www.national.co.uk,Michelin Tyres,Pilot Sport 4,205/55 R16 91W,Summer,£91.91
www.national.co.uk,Michelin Tyres,ePrimacy,205/55 R16 91W,Summer,£93.37
www.national.co.uk,Michelin Tyres,Primacy 4,205/55 R16 94H,Summer,£100.66
www.national.co.uk,Michelin Tyres,Primacy 4,205/55 R16 94H,Summer,£101.26
www.national.co.uk,Michelin Tyres,ePrimacy,205/55 R16 94V,Summer,£101.73
www.national.co.uk,Michelin Tyres,Pilot Sport 4,205/55 R16 94Y,Summer,£103.21
www.national.co.uk,Michelin Tyres,ePrimacy,205/55 R16 94H,Summer,£112.16
www.national.co.uk,Michelin Tyres,Primacy 3,205/55 R16 91V,Summer,£114.12
www.national.co.uk,Michelin Tyres,Primacy 3,205/55 R16 91W,Summer,£114.12
